"id";"name";"zone_id";"max_laden_draft";"latitude";"longitude";"draft_factor";"created_at";"updated_at";"deleted_at"
1;"FANG-CHENG";7;10.0;21.45;108.21;1.0;"";"";""
2;"BEIHAI";7;10.0;21.29;109.04;1.0;"";"";""
3;"HAIKOU";7;10.0;20.03;110.17;1.0;"";"";""
4;"BASUO";7;10.0;19.06;108.37;1.0;"";"";""
5;"ZHANJIANG";7;10.0;21.12;110.24;1.0;"";"";""
6;"LON SHUI TERMINAL";7;10.0;20.5;115.41;1.0;"";"";""
7;"SHEKOU";7;10.0;22.28;113.52;1.0;"";"";""
8;"SANYA";7;10.0;18.19;109.27;1.0;"";"";""
9;"YANGPU";7;10.0;19.44;109.11;1.0;"";"";""
10;"CHIWAN";7;10.0;19.58;110.02;1.0;"";"";""
11;"SHUI DONG";7;10.0;21.29;111.05;1.0;"";"";""
12;"QINZHOU";7;10.0;21.44;108.35;1.0;"";"";""
13;"ZHUHAI";7;10.0;22.14;113.35;1.0;"";"";""
14;"HUANGPU";7;10.0;23.05;113.25;1.0;"";"";""
15;"HUANGPUXINGANG";7;10.0;23.05;113.3;1.0;"";"";""
16;"GUANGZHOU";7;10.0;23.07;113.14;1.0;"";"";""
17;"YANTIAN";7;10.0;22.35;114.16;1.0;"";"";""
18;"HUIZHOU";7;10.0;22.43;114.31;1.0;"";"";""
19;"SHAN T OU";7;10.0;23.22;116.41;1.0;"";"";""
20;"CHAOZHOU";7;10.0;23.37;117.05;1.0;"";"";""
21;"DONGSHAN";7;10.0;23.45;117.31;1.0;"";"";""
22;"XIAMEN";7;10.0;24.27;118.04;1.0;"";"";""
23;"ZHANGZHOU";7;10.0;24.41;118.09;1.0;"";"";""
24;"QUANZHOU";7;10.0;24.53;118.36;1.0;"";"";""
25;"XIUYU";7;10.0;25.14;118.59;1.0;"";"";""
26;"FUZHOU";7;10.0;26.05;119.18;1.0;"";"";""
27;"WENZHOU";5;10.0;28.01;120.39;1.0;"";"";""
28;"HAIMEN";5;10.0;28.41;121.27;1.0;"";"";""
29;"NINGBO";5;10.0;29.53;121.33;1.0;"";"";""
30;"ZHEN HAI";5;10.0;29.57;121.42;1.0;"";"";""
31;"ZHOUSHAN";5;10.0;30.0;122.06;1.0;"";"";""
32;"ZHAPU";5;10.0;30.35;121.05;1.0;"";"";""
33;"SHANGHAI";5;10.0;31.13;121.3;1.0;"";"";""
34;"CHANGSHU";5;10.0;31.46;120.57;1.0;"";"";""
35;"TAICANG";5;10.0;31.39;121.12;1.0;"";"";""
36;"JIANGYIN";5;10.0;31.55;120.14;1.0;"";"";""
37;"CHANGZHOU";5;10.0;31.58;119.59;1.0;"";"";""
38;"GAOGANG";5;10.0;32.17;119.51;1.0;"";"";""
39;"YANGZHOU";5;10.0;32.16;119.26;1.0;"";"";""
40;"ZHANGJIANGANG";5;10.0;31.58;120.24;1.0;"";"";""
41;"NANTONG";5;10.0;32.0;120.48;1.0;"";"";""
42;"ZHENJIANG";5;10.0;32.13;119.26;1.0;"";"";""
43;"NANJING";5;10.0;32.05;118.45;1.0;"";"";""
44;"WU HU";5;10.0;31.2;118.22;1.0;"";"";""
45;"ANKINGCHENG";5;10.0;30.31;117.02;1.0;"";"";""
46;"HANKOW";5;10.0;30.35;114.17;1.0;"";"";""
47;"WANXIAN";5;10.0;30.49;108.26;1.0;"";"";""
48;"CHUNG CHING";5;10.0;29.34;106.38;1.0;"";"";""
49;"LANSHAN";5;10.0;30.06;119.22;1.0;"";"";""
50;"LIANYUNGANG";5;10.0;34.44;119.27;1.0;"";"";""
51;"RIZHAO";5;10.0;35.23;119.34;1.0;"";"";""
52;"QINGDAO GANG";5;10.0;36.02;120.16;1.0;"";"";""
53;"WEIHAI";5;10.0;37.3;122.06;1.0;"";"";""
54;"YANTAI";5;10.0;37.33;121.27;1.0;"";"";""
55;"PENGLAI";5;10.0;37.49;120.5;1.0;"";"";""
56;"LONGKOU GANG";5;10.0;37.38;120.17;1.0;"";"";""
57;"DAGU TANGGU";5;10.0;38.58;117.4;1.0;"";"";""
58;"TIANJIN XIN GANG";5;10.0;38.58;117.5;1.0;"";"";""
59;"TANGSHAN (JINGTANG)";5;10.0;39.12;119.01;1.0;"";"";""
60;"QINHUANGDAO";5;10.0;39.56;119.37;1.0;"";"";""
61;"SUIZHANG GANG";5;10.0;40.04;121.03;1.0;"";"";""
62;"HULUDAO GANG";5;10.0;40.42;120.59;1.0;"";"";""
63;"JINZHOU WAN";5;10.0;40.45;121.06;1.0;"";"";""
64;"YINGKOU";5;10.0;40.41;122.14;1.0;"";"";""
65;"BAYUQUAN";5;10.0;40.18;122.05;1.0;"";"";""
66;"DANDONG";5;10.0;39.49;124.09;1.0;"";"";""
67;"LUSHUN";5;10.0;38.47;121.15;1.0;"";"";""
68;"DALIAN";5;10.0;38.55;121.4;1.0;"";"";""
69;"INCHON";2;10.0;37.28;126.37;1.0;"";"";""
70;"DAESAN HANG";2;10.0;37.01;126.24;1.0;"";"";""
71;"PYEONGTAEK HANG";2;10.0;37.0;126.48;1.0;"";"";""
72;"KUNSAN";2;10.0;35.59;126.37;1.0;"";"";""
73;"MOKPO";2;10.0;34.47;126.23;1.0;"";"";""
74;"CHEJU HANG";2;10.0;33.31;126.32;1.0;"";"";""
75;"YOSU";2;10.0;34.44;127.45;1.0;"";"";""
76;"GWANGYANG HANG";2;10.0;34.51;127.48;1.0;"";"";""
77;"MASAN";2;10.0;35.11;128.34;1.0;"";"";""
78;"CHINAE";2;10.0;35.08;128.39;1.0;"";"";""
79;"PUSAN";2;10.0;35.06;129.02;1.0;"";"";""
80;"ULSAN";2;10.0;35.27;129.24;1.0;"";"";""
81;"POHANG";2;10.0;36.03;129.23;1.0;"";"";""
82;"MUKHO";2;10.0;37.34;129.07;1.0;"";"";""
83;"TONGHAE";2;10.0;37.32;129.09;1.0;"";"";""
84;"SOKCH'O HANG";2;10.0;38.12;128.36;1.0;"";"";""
85;"MOMBETSU KO";3;10.0;44.21;143.21;1.0;"";"";""
86;"ABASHIRI KO";3;10.0;44.01;144.17;1.0;"";"";""
87;"NEMURO KO";3;10.0;43.2;145.35;1.0;"";"";""
88;"HANASAKI KO";3;10.0;43.17;145.35;1.0;"";"";""
89;"KUSHIRO KO";3;10.0;42.59;144.22;1.0;"";"";""
90;"TOMAKOMAI KO";3;10.0;42.38;141.38;1.0;"";"";""
91;"MURORAN KO";3;10.0;42.21;140.58;1.0;"";"";""
92;"TOKACHI";3;10.0;42.15;143.18;1.0;"";"";""
93;"MORI";3;10.0;42.07;140.35;1.0;"";"";""
94;"HAKODATE KO";3;10.0;41.47;140.43;1.0;"";"";""
95;"ESASI KO";3;10.0;41.52;140.07;1.0;"";"";""
96;"OTARU KO";3;10.0;43.12;141.01;1.0;"";"";""
97;"ISIKARI WAN";3;10.0;43.14;141.22;1.0;"";"";""
98;"ISHIKARI BAY NEW PORT";3;10.0;43.13;141.17;1.0;"";"";""
99;"RUMOI KO";3;10.0;43.57;141.38;1.0;"";"";""
100;"WAKKANAI";3;10.0;43.25;141.41;1.0;"";"";""
101;"AOMORI KO";3;10.0;40.5;140.45;1.0;"";"";""
102;"NOSHIRO KO";3;10.0;40.13;140.0;1.0;"";"";""
103;"HACHINOHE KO";3;10.0;40.32;141.33;1.0;"";"";""
104;"MIYAKO";3;10.0;39.38;141.59;1.0;"";"";""
105;"KAMAISHI KO";3;10.0;39.16;141.54;1.0;"";"";""
106;"OFUNATO";3;10.0;39.03;141.44;1.0;"";"";""
107;"KESENNUMA KO";3;10.0;38.52;141.36;1.0;"";"";""
108;"ONAGAWA";3;10.0;38.27;141.27;1.0;"";"";""
109;"ISHINOMAKI KO";3;10.0;38.24;141.19;1.0;"";"";""
110;"SENDAI-SHIOGAMA";3;10.0;38.19;141.02;1.0;"";"";""
111;"SOMA";3;10.0;37.5;140.57;1.0;"";"";""
112;"ONAHAMA KO";3;10.0;36.56;140.54;1.0;"";"";""
113;"HITACHI";3;10.0;36.3;140.38;1.0;"";"";""
114;"KASHIMA KO";3;10.0;35.56;140.42;1.0;"";"";""
115;"CHOSHI";3;10.0;35.44;140.51;1.0;"";"";""
116;"TATEYAMA KO";3;10.0;35.0;139.48;1.0;"";"";""
117;"KISARAZU KO";3;10.0;35.22;139.53;1.0;"";"";""
118;"CHIBA KO";3;10.0;35.35;140.04;1.0;"";"";""
119;"KATSUNAN KO";3;10.0;35.4;139.59;1.0;"";"";""
120;"FUNABASHI";3;10.0;35.4;139.57;1.0;"";"";""
121;"TOKYO KO";3;10.0;35.4;139.45;1.0;"";"";""
122;"KAWASAKI KO";3;10.0;35.3;139.46;1.0;"";"";""
123;"YOKOHAMA KO";3;10.0;35.27;139.35;1.0;"";"";""
124;"YOKOSUKA KO";3;10.0;35.17;139.4;1.0;"";"";""
125;"URAGA KO";3;10.0;35.14;139.43;1.0;"";"";""
126;"TAGONOURA KO";3;10.0;35.08;138.42;1.0;"";"";""
127;"ATSUMI";3;10.0;34.4;137.04;1.0;"";"";""
128;"SHIMODA KO";3;10.0;34.4;138.57;1.0;"";"";""
129;"OMAEZAKI KO";3;10.0;34.36;138.14;1.0;"";"";""
130;"SHIMIZU KO";3;10.0;35.01;138.3;1.0;"";"";""
131;"MIKAWA";3;10.0;34.43;137.18;1.0;"";"";""
132;"KINUURA KO";3;10.0;34.51;136.57;1.0;"";"";""
133;"GAMAGORI KO";3;10.0;34.49;137.13;1.0;"";"";""
134;"NAGOYA KO";3;10.0;35.04;136.52;1.0;"";"";""
135;"YOKKAICHI";3;10.0;34.58;136.38;1.0;"";"";""
136;"MATSUSAKA";3;10.0;34.36;136.34;1.0;"";"";""
137;"TOBA";3;10.0;34.29;136.51;1.0;"";"";""
138;"OWASE KO";3;10.0;34.04;136.13;1.0;"";"";""
139;"TANABE KO";3;10.0;33.43;135.22;1.0;"";"";""
140;"YURA";3;10.0;33.57;135.06;1.0;"";"";""
141;"WAKAYAMA-SHIMOTSU KO";3;10.0;34.12;135.08;1.0;"";"";""
142;"SAKAI-SENBOKU";3;10.0;34.33;135.26;1.0;"";"";""
143;"OSAKA";3;10.0;34.39;135.26;1.0;"";"";""
144;"AMAGASAKI";3;10.0;34.42;135.23;1.0;"";"";""
145;"KOBE";3;10.0;34.39;135.11;1.0;"";"";""
146;"HIROHATA";3;10.0;34.46;134.38;1.0;"";"";""
147;"SHIKAMA";3;10.0;34.46;134.39;1.0;"";"";""
148;"HIMEJI";3;10.0;34.45;134.38;1.0;"";"";""
149;"HIGASHI-HARIMA";3;10.0;34.42;134.5;1.0;"";"";""
150;"AIOI";3;10.0;34.47;134.28;1.0;"";"";""
151;"O0KIHAMA";3;10.0;34.45;134.34;1.0;"";"";""
152;"KAKOGAWA";3;10.0;34.42;134.5;1.0;"";"";""
153;"UNO KO";3;10.0;34.29;133.57;1.0;"";"";""
154;"HIBI KO";3;10.0;34.27;133.56;1.0;"";"";""
155;"MIZUSHIMA KO";3;10.0;34.3;133.45;1.0;"";"";""
156;"FUKUYAMA";3;10.0;34.26;133.26;1.0;"";"";""
157;"HABU KO";3;10.0;34.17;133.11;1.0;"";"";""
158;"ONOMICHI-ITOZAKI";3;10.0;34.23;133.1;1.0;"";"";""
159;"KURE";3;10.0;34.14;132.33;1.0;"";"";""
160;"MITSUKOJIMA";3;10.0;34.11;132.31;1.0;"";"";""
161;"HIROSHIMA";3;10.0;34.21;132.28;1.0;"";"";""
162;"KANOKAWA KO";3;10.0;34.11;132.26;1.0;"";"";""
163;"IWAKUNI KO";3;10.0;34.11;132.15;1.0;"";"";""
164;"NAMIKATA";3;10.0;34.07;132.54;1.0;"";"";""
165;"KUDAMATSU";3;10.0;34.0;131.52;1.0;"";"";""
166;"TOKUYAMA";3;10.0;34.02;131.49;1.0;"";"";""
167;"UBE KO";3;10.0;33.56;131.14;1.0;"";"";""
168;"HIKARI";3;10.0;33.57;131.56;1.0;"";"";""
169;"SHIMONOSEKI";3;10.0;33.56;130.56;1.0;"";"";""
170;"HAGI KO";3;10.0;34.25;131.24;1.0;"";"";""
171;"HAMADA KO";3;10.0;34.54;132.05;1.0;"";"";""
172;"SAKAI KO";3;10.0;35.33;133.15;1.0;"";"";""
173;"SAKAIMINATO";3;10.0;35.32;133.14;1.0;"";"";""
174;"MIYAZU";3;10.0;35.32;135.12;1.0;"";"";""
175;"MAIZURU KO";3;10.0;35.31;135.2;1.0;"";"";""
176;"UCHIURA";3;10.0;35.31;135.3;1.0;"";"";""
177;"FUKUI";3;10.0;36.04;136.12;1.0;"";"";""
178;"TSURUGA KO";3;10.0;35.39;136.04;1.0;"";"";""
179;"FUKUI KO";3;10.0;36.11;136.06;1.0;"";"";""
180;"KANAZAWA";3;10.0;36.37;136.36;1.0;"";"";""
181;"NANAO KO";3;10.0;37.03;136.59;1.0;"";"";""
182;"FUSHIKI-TOYAMA";3;10.0;36.46;137.08;1.0;"";"";""
183;"SHIMMINATO";3;10.0;36.46;137.07;1.0;"";"";""
184;"HIMEKAWA";3;10.0;37.02;137.51;1.0;"";"";""
185;"NAOETSU KO";3;10.0;37.11;138.15;1.0;"";"";""
186;"KASHIWAZAKI";3;10.0;37.22;138.33;1.0;"";"";""
187;"NIIGATA KO";3;10.0;37.55;139.03;1.0;"";"";""
188;"EASTERN PART OF NIIGATA-KO";3;10.0;38.01;139.14;1.0;"";"";""
189;"RYOTU KO";3;10.0;38.05;138.34;1.0;"";"";""
190;"SAKATA KO";3;10.0;38.56;139.49;1.0;"";"";""
191;"AKITA-FUNAKAWA KO";3;10.0;39.5;140.0;1.0;"";"";""
192;"MEGA";3;10.0;34.47;134.42;1.0;"";"";""
193;"HANNAN KO";3;10.0;34.28;135.21;1.0;"";"";""
194;"TAKAMATSU";3;10.0;34.21;134.03;1.0;"";"";""
195;"KOMATSUSHIMA";3;10.0;34.01;134.36;1.0;"";"";""
196;"TACHIBANA";3;10.0;33.52;134.4;1.0;"";"";""
197;"SHINGU";3;10.0;33.4;135.59;1.0;"";"";""
198;"KOCHI KO";3;10.0;33.3;133.34;1.0;"";"";""
199;"SUSAKI KO";3;10.0;33.23;133.18;1.0;"";"";""
200;"UWAJIMA KO";3;10.0;33.13;132.34;1.0;"";"";""
201;"YAWATAHAMA";3;10.0;33.27;132.25;1.0;"";"";""
202;"MATSUYAMA";3;10.0;33.51;132.42;1.0;"";"";""
203;"KIKUMA KO";3;10.0;34.02;132.5;1.0;"";"";""
204;"MUTUREZIMA KO";3;10.0;33.58;130.52;1.0;"";"";""
205;"IMABARI KO";3;10.0;34.04;133.01;1.0;"";"";""
206;"TAKUMA";3;10.0;34.13;133.41;1.0;"";"";""
207;"TONDA";3;10.0;34.02;131.45;1.0;"";"";""
208;"ONODA";3;10.0;34.0;131.11;1.0;"";"";""
209;"NIIHAMA";3;10.0;33.59;133.17;1.0;"";"";""
210;"MISHIMA-KAWANOE KO";3;10.0;34.0;133.33;1.0;"";"";""
211;"MARUGAME KO";3;10.0;34.18;133.47;1.0;"";"";""
212;"SAKAIDE KO";3;10.0;34.2;133.51;1.0;"";"";""
213;"YANAI";3;10.0;33.57;132.08;1.0;"";"";""
214;"TOBATA";3;10.0;33.55;130.49;1.0;"";"";""
215;"HIBIKINADA";3;10.0;33.56;130.5;1.0;"";"";""
216;"WAKAMATSU KO";3;10.0;33.54;130.49;1.0;"";"";""
217;"YAHATA";3;10.0;33.52;130.49;1.0;"";"";""
218;"KOKURA KO";3;10.0;33.53;130.53;1.0;"";"";""
219;"MOJI KO";3;10.0;33.57;130.58;1.0;"";"";""
220;"KANDA";3;10.0;33.47;131.01;1.0;"";"";""
221;"BEPPU";3;10.0;33.19;131.31;1.0;"";"";""
222;"OITA KO";3;10.0;33.15;131.4;1.0;"";"";""
223;"SAGANOSEKI KO";3;10.0;33.15;131.52;1.0;"";"";""
224;"TSUKUMI KO";3;10.0;33.05;131.52;1.0;"";"";""
225;"SAIKI KO";3;10.0;32.58;131.56;1.0;"";"";""
226;"HOSOSHIMA KO";3;10.0;32.26;131.4;1.0;"";"";""
227;"KAGOSHIMA KO";3;10.0;31.35;130.34;1.0;"";"";""
228;"SHIBUSHI WAN";3;10.0;31.28;131.06;1.0;"";"";""
229;"KIIRE";3;10.0;31.23;130.33;1.0;"";"";""
230;"MINAMATA KO";3;10.0;32.12;130.23;1.0;"";"";""
231;"YATSUSHIRO KO";3;10.0;32.3;130.32;1.0;"";"";""
232;"MISUMI KO";3;10.0;32.36;130.28;1.0;"";"";""
233;"MIIKE KO";3;10.0;33.0;130.25;1.0;"";"";""
234;"MATSU-SHIMA";3;10.0;32.56;129.36;1.0;"";"";""
235;"AOKATA";3;10.0;32.59;129.04;1.0;"";"";""
236;"NAGASAKI";3;10.0;32.43;129.51;1.0;"";"";""
237;"SASEBO";3;10.0;33.1;129.43;1.0;"";"";""
238;"IMARI";3;10.0;33.17;129.53;1.0;"";"";""
239;"KARATSU";3;10.0;33.29;129.58;1.0;"";"";""
240;"HAKATA";3;10.0;33.36;130.24;1.0;"";"";""
241;"IZUHARA";3;10.0;34.12;129.18;1.0;"";"";""
242;"KIN WAN";3;10.0;26.25;127.54;1.0;"";"";""
243;"NISHIHARA";3;10.0;26.13;127.48;1.0;"";"";""
244;"NAHA KO";3;10.0;26.13;127.41;1.0;"";"";""
245;"NAKAGUSUKU";3;10.0;26.16;127.55;1.0;"";"";""
246;"HIRARA KO";3;10.0;24.48;125.17;1.0;"";"";""
247;"ISHIGAKI";3;10.0;24.2;124.1;1.0;"";"";""
248;"NAVLAKHI";4;10.0;22.57;70.27;1.0;"";"";""
249;"BEDI";4;10.0;22.31;70.02;1.0;"";"";""
250;"OKHA";4;10.0;22.28;69.05;1.0;"";"";""
251;"DAHEJ";4;10.0;21.42;72.32;1.0;"";"";""
252;"PORBANDAR";4;10.0;21.38;69.36;1.0;"";"";""
253;"VERAVAL";4;10.0;20.54;70.22;1.0;"";"";""
254;"PIPAVAV BANDAR";4;10.0;20.55;71.31;1.0;"";"";""
255;"BHAVNAGAR";4;10.0;21.46;72.14;1.0;"";"";""
256;"CARRABELLE";8;10.0;29.51;-84.4;1.0;"";"";""
257;"APALACHICOLA";8;10.0;29.43;-84.59;1.0;"";"";""
258;"PORT ST JOE";8;10.0;29.49;-85.19;1.0;"";"";""
259;"PANAMA CITY";8;10.0;30.08;-85.39;1.0;"";"";""
260;"PENSACOLA";8;10.0;30.24;-87.13;1.0;"";"";""
261;"MOBILE";8;10.0;30.41;-88.07;1.0;"";"";""
262;"PASCAGOULA";8;10.0;30.21;-88.34;1.0;"";"";""
263;"BILOXI";8;10.0;30.23;-88.53;1.0;"";"";""
264;"GULFPORT";8;10.0;30.21;-89.05;1.0;"";"";""
265;"SLIDELL";8;10.0;30.16;-89.47;1.0;"";"";""
266;"MADISONVILLE";8;10.0;30.24;-90.09;1.0;"";"";""
267;"SOUTHWEST PASS";8;10.0;28.27;-90.42;1.0;"";"";""
268;"PORT SULPHUR";8;10.0;29.29;-89.41;1.0;"";"";""
269;"GRETNA";8;10.0;29.55;-90.04;1.0;"";"";""
270;"NEW ORLEANS";8;10.0;29.57;-90.03;1.0;"";"";""
271;"PORT OF MEMPHIS";8;10.0;35.04;-90.1;1.0;"";"";""
272;"TRI-CITY PORT";8;10.0;38.43;-90.12;1.0;"";"";""
273;"ST. JAMES";8;10.0;29.59;-90.56;1.0;"";"";""
274;"CONVENT";8;10.0;30.01;-90.5;1.0;"";"";""
275;"ST ROSE";8;10.0;29.57;-90.19;1.0;"";"";""
276;"RESERVE";8;10.0;30.03;-90.33;1.0;"";"";""
277;"DESTREHAN";8;10.0;29.57;-90.22;1.0;"";"";""
278;"BATON ROUGE";8;10.0;30.27;-91.11;1.0;"";"";""
279;"LOOP TERMINAL";8;10.0;28.53;-90.01;1.0;"";"";""
280;"GRAND ISLE";8;10.0;29.14;-90.0;1.0;"";"";""
281;"MORGAN CITY";8;10.0;29.42;-91.13;1.0;"";"";""
282;"HAYMARK TERMINAL";8;10.0;30.08;-93.19;1.0;"";"";""
283;"LAKE CHARLES";8;10.0;30.13;-93.15;1.0;"";"";""
284;"SABINE";8;10.0;29.43;-93.52;1.0;"";"";""
285;"SABINE PASS";8;10.0;29.44;-93.54;1.0;"";"";""
286;"ORANGE";8;10.0;30.05;-93.44;1.0;"";"";""
287;"PORT ARTHUR";8;10.0;29.5;-93.58;1.0;"";"";""
288;"PORT NECHES";8;10.0;30.0;-93.57;1.0;"";"";""
289;"BEAUMONT";8;10.0;30.05;-94.05;1.0;"";"";""
290;"GALVESTON";8;10.0;29.19;-94.47;1.0;"";"";""
291;"TEXAS CITY";8;10.0;29.23;-94.55;1.0;"";"";""
292;"BAYTOWN";8;10.0;29.44;-95.01;1.0;"";"";""
293;"NORSWORTHY";8;10.0;29.44;-95.12;1.0;"";"";""
294;"PASADENA";8;10.0;29.43;-95.13;1.0;"";"";""
295;"SINCO";8;10.0;29.43;-95.14;1.0;"";"";""
296;"DEER PARK";8;10.0;29.45;-95.2;1.0;"";"";""
297;"HOUSTON";8;10.0;29.45;-95.17;1.0;"";"";""
298;"FREEPORT";8;10.0;28.57;-95.2;1.0;"";"";""
299;"PALACIOS";8;10.0;28.41;-96.13;1.0;"";"";""
300;"PORT LAVACA";8;10.0;28.37;-96.37;1.0;"";"";""
301;"PORT OCONNOR";8;10.0;28.27;-96.24;1.0;"";"";""
302;"ROCKPORT";8;10.0;28.01;-97.03;1.0;"";"";""
303;"CORPUS CHRISTI";8;10.0;27.49;-97.24;1.0;"";"";""
304;"PORT ARANSAS";8;10.0;27.5;-97.03;1.0;"";"";""
305;"PORT INGLESIDE";8;10.0;27.49;-97.11;1.0;"";"";""
306;"PORT ISABEL";8;10.0;26.05;-97.12;1.0;"";"";""
307;"BROWNSVILLE";8;10.0;25.57;-97.24;1.0;"";"";""
308;"LAGOS";9;10.0;6.24;3.24;1.0;"";"";""
309;"TIN CAN ISLAND";9;10.0;6.21;3.21;1.0;"";"";""
310;"ESCRAVOS OIL TERMINAL";9;10.0;5.3;5.0;1.0;"";"";""
311;"KOKO";9;10.0;6.0;5.28;1.0;"";"";""
312;"SAPELE";9;10.0;5.54;5.41;1.0;"";"";""
313;"FORCADOS";9;10.0;5.22;5.26;1.0;"";"";""
314;"FORCADOS OIL TERMINAL";9;10.0;5.1;5.11;1.0;"";"";""
315;"BURUTU";9;10.0;5.21;5.3;1.0;"";"";""
316;"WARRI";9;10.0;5.31;5.44;1.0;"";"";""
317;"UKPOKITI MARINE TERMINAL";9;10.0;5.43;4.5;1.0;"";"";""
318;"YOHO TERMINAL";9;10.0;4.01;7.28;1.0;"";"";""
319;"SEA EAGLE TERMINAL";9;10.0;4.48;5.19;1.0;"";"";""
320;"BRASS OIL TERMINAL";9;10.0;4.04;6.17;1.0;"";"";""
321;"QUA IBOE OIL TERMINAL";9;10.0;4.14;8.02;1.0;"";"";""
322;"PENNINGTON OIL TERMINAL";9;10.0;4.15;5.37;1.0;"";"";""
323;"BONNY";9;10.0;4.27;7.1;1.0;"";"";""
324;"BONNY OFFSHORE TERMINAL";9;10.0;4.11;7.14;1.0;"";"";""
325;"OKRIKA";9;10.0;4.43;7.05;1.0;"";"";""
326;"ONNE";9;10.0;4.41;7.09;1.0;"";"";""
327;"PORT HARCOURT";9;10.0;4.46;7.0;1.0;"";"";""
328;"ANTAN OIL TERMINAL";9;10.0;4.13;8.2;1.0;"";"";""
329;"CALABAR";9;10.0;4.58;8.19;1.0;"";"";""
330;"ODUDU TERMINAL";9;10.0;4.0;7.46;1.0;"";"";""
331;"OKONO TERMINAL";9;10.0;3.59;7.18;1.0;"";"";""
332;"OKWORI TERMINAL";9;10.0;3.51;6.59;1.0;"";"";""
333;"WALVIS BAY";9;10.0;-22.57;14.3;1.0;"";"";""
334;"LUDERITZ BAY";9;10.0;-26.39;15.09;1.0;"";"";""
335;"SAN PEDRO";9;10.0;4.44;-6.37;1.0;"";"";""
336;"BAOBAB MARINE TERMINAL";9;10.0;4.58;-4.33;1.0;"";"";""
337;"PORT BOUET";9;10.0;5.14;-3.58;1.0;"";"";""
338;"ABIDJAN";9;10.0;5.15;-4.01;1.0;"";"";""
339;"ESPOIR MARINE TERMINAL";9;10.0;5.03;-4.27;1.0;"";"";""
340;"GEMLIK";1;10.0;40.25;29.07;1.0;"";"";""
341;"ECEABAT";1;10.0;40.11;26.22;1.0;"";"";""
342;"GELIBOLU";1;10.0;40.24;26.4;1.0;"";"";""
343;"BORUSAN FERTILIZER JETTY";1;10.0;40.25;29.06;1.0;"";"";""
344;"AMBARLI";1;10.0;40.58;28.42;1.0;"";"";""
345;"TEKIRDAG";1;10.0;40.59;27.31;1.0;"";"";""
346;"ISTANBUL";1;10.0;41.01;28.58;1.0;"";"";""
347;"DEFTERDAR BURNU";1;10.0;41.03;29.02;1.0;"";"";""
348;"ISTINYE";1;10.0;41.07;29.03;1.0;"";"";""
349;"HOPA";1;10.0;41.25;41.24;1.0;"";"";""
350;"RIZE";1;10.0;41.04;40.31;1.0;"";"";""
351;"TRABZON";1;10.0;41.01;39.46;1.0;"";"";""
352;"GIRESUN";1;10.0;40.56;38.24;1.0;"";"";""
353;"ORDU";1;10.0;41.0;37.53;1.0;"";"";""
354;"SAMSUN";1;10.0;41.18;36.21;1.0;"";"";""
355;"SINOP";1;10.0;42.03;35.1;1.0;"";"";""
356;"INEBOLU";1;10.0;41.59;33.46;1.0;"";"";""
357;"ZONGULDAK";1;10.0;41.28;31.49;1.0;"";"";""
358;"EREGLI";1;10.0;41.18;31.27;1.0;"";"";""
359;"HAYDARPASA";1;10.0;41.0;29.01;1.0;"";"";""
360;"BOTAS NATURAL GAS TERMINAL";1;10.0;41.0;27.59;1.0;"";"";""
361;"YARIMCA";1;10.0;40.48;29.42;1.0;"";"";""
362;"KABA BURNU";1;10.0;40.46;29.32;1.0;"";"";""
363;"DERINCE BURNU";1;10.0;40.45;29.49;1.0;"";"";""
364;"IZMIT";1;10.0;40.46;29.55;1.0;"";"";""
365;"GEBZE";1;10.0;40.46;29.33;1.0;"";"";""
366;"GOLCUK BURNU";1;10.0;40.44;29.49;1.0;"";"";""
367;"MUDANYA";1;10.0;40.23;28.53;1.0;"";"";""
368;"BANDIRMA";1;10.0;40.21;27.58;1.0;"";"";""
369;"ERDEK";1;10.0;40.23;27.48;1.0;"";"";""
370;"KARABIGA";1;10.0;40.24;27.19;1.0;"";"";""
371;"CANAKKALE";1;10.0;40.09;26.24;1.0;"";"";""
372;"FAKSE LADEPLADS HAVN";6;10.0;55.13;12.1;1.0;"";"";""
373;"KOGE";6;10.0;55.27;12.12;1.0;"";"";""
374;"KOBENHAVN";6;10.0;55.42;12.37;1.0;"";"";""
375;"TUBORG";6;10.0;55.43;12.35;1.0;"";"";""
376;"HELSINGOR";6;10.0;56.02;12.37;1.0;"";"";""
377;"HUNDESTED";6;10.0;55.58;11.51;1.0;"";"";""
378;"FREDERIKSVAERK";6;10.0;55.58;12.01;1.0;"";"";""
379;"FREDERIKSSUND";6;10.0;55.5;12.03;1.0;"";"";""
380;"KYNDBYVAERKETS HAVN";6;10.0;55.49;11.53;1.0;"";"";""
381;"HOLBAEK";6;10.0;55.43;11.43;1.0;"";"";""
382;"NYKOBING (MOR)";6;10.0;56.46;11.52;1.0;"";"";""
383;"KALUNDBORG";6;10.0;55.41;11.06;1.0;"";"";""
384;"KORSOR";6;10.0;55.2;11.08;1.0;"";"";""
385;"SKAELSKOR";6;10.0;55.15;11.18;1.0;"";"";""
386;"STIGSNAESVAERKET";6;10.0;55.12;11.15;1.0;"";"";""
387;"GULFHAVEN";6;10.0;55.12;11.16;1.0;"";"";""
388;"NAESTVED";6;10.0;55.14;11.45;1.0;"";"";""
389;"VORDINGBORG";6;10.0;55.0;11.54;1.0;"";"";""
390;"STUBBEKOBING";6;10.0;54.53;12.03;1.0;"";"";""
391;"STEGE";6;10.0;54.59;12.17;1.0;"";"";""
392;"NYKOBING (FALSTER)";6;10.0;54.46;11.52;1.0;"";"";""
393;"SAKSKOBING";6;10.0;54.48;11.38;1.0;"";"";""
394;"BANDHOLM";6;10.0;54.5;11.3;1.0;"";"";""
395;"NAKSKOV";6;10.0;54.5;11.08;1.0;"";"";""
396;"RODBY HAVN";6;10.0;54.39;11.21;1.0;"";"";""
397;"NYSTED";6;10.0;54.4;11.44;1.0;"";"";""
398;"RUDKOBING";6;10.0;54.57;10.43;1.0;"";"";""
399;"MARSTAL";6;10.0;54.55;10.2;1.0;"";"";""
400;"AEROSKOBING";6;10.0;54.53;10.25;1.0;"";"";""
401;"SVENDBORG";6;10.0;55.04;10.37;1.0;"";"";""
402;"NYBORG";6;10.0;55.19;10.48;1.0;"";"";""
403;"KERTEMINDE";6;10.0;55.27;10.4;1.0;"";"";""
404;"ODENSE";6;10.0;55.25;10.23;1.0;"";"";""
405;"FALKENBERG";6;10.0;56.54;12.3;1.0;"";"";""
406;"HALMSTAD";6;10.0;56.4;12.52;1.0;"";"";""
407;"HOGANAS";6;10.0;56.12;12.33;1.0;"";"";""
408;"HELSINGBORG";6;10.0;56.03;12.42;1.0;"";"";""
409;"LANDSKRONA";6;10.0;55.52;12.5;1.0;"";"";""
410;"MALMO";6;10.0;55.37;13.0;1.0;"";"";""
411;"LIMHAMN";6;10.0;55.35;12.56;1.0;"";"";""
412;"TRELLEBORG";6;10.0;55.22;13.09;1.0;"";"";""
413;"YSTAD";6;10.0;55.26;13.5;1.0;"";"";""
